patch_id,380,390,400,410,420,430,440,450,460,470,480,490,500,510,520,530,540,550,560,570,580,590,600,610,620,630,640,650,660,670,680,690,700,710,720,730
patch_01,0.055852402000000002,0.060806177599999997,0.062999546500000003,0.063508294500000007,0.063091471800000007,0.0632375404,0.062669076000000004,0.062632836400000003,0.062844149799999999,0.062709994599999999,0.063016161299999998,0.064017355400000003,0.066428415500000004,0.0721273199,0.078111797600000005,0.080372788000000001,0.082056492600000003,0.085843101099999999,0.093591168500000002,0.10728072399999999,0.12380063500000001,0.13733203699999999,0.142982528,0.14451989500000001,0.14846710900000001,0.15643248000000001,0.166824624,0.17703290299999999,0.18347007000000001,0.18298146100000001,0.175785407,0.16900681000000001,0.16830371299999999,0.17289640000000001,0.18272122700000001,0.19912168399999999
patch_02,0.104376934,0.13692650200000001,0.166190699,0.176816478,0.18079756199999999,0.18633139100000001,0.193894342,0.206850901,0.229695067,0.26280009700000001,0.30049598199999999,0.32962644099999999,0.34496277600000003,0.33977425100000003,0.30539390399999999,0.268700302,0.26022228600000002,0.26638710500000001,0.26288905699999998,0.27531498700000001,0.330320746,0.41766378300000001,0.49110624200000003,0.53370326800000001,0.55723494299999998,0.57376647000000003,0.59054285299999998,0.60962235899999995,0.63077789500000003,0.65755993099999999,0.68900692500000005,0.72503268700000001,0.76291924700000002,0.79735946700000004,0.82407581799999996,0.84709805299999996
patch_03,0.11217845999999999,0.174662545,0.25786143500000003,0.30515155199999999,0.31863936799999998,0.32266598899999999,0.32342612700000001,0.31953963600000002,0.31100237400000003,0.30137535900000001,0.29268264799999999,0.28131651899999999,0.263891339,0.24739383200000001,0.229820833,0.20885416900000001,0.192699701,0.182710186,0.171109065,0.15581642100000001,0.14189644200000001,0.13542905399999999,0.135820046,0.13914269200000001,0.142148674,0.14379623499999999,0.146242335,0.15139464999999999,0.15722116799999999,0.15838386099999999,0.15396858799999999,0.14657160599999999,0.138520688,0.134185165,0.13985992999999999,0.15755978200000001
patch_04,0.054391503299999998,0.0567767359,0.058316517599999999,0.058807451300000001,0.0587951429,0.0586681701,0.059513170300000001,0.060329221199999998,0.061112970099999997,0.061849154500000003,0.063338585200000005,0.066023237999999998,0.074979379799999996,0.104869559,0.15335618000000001,0.18152421699999999,0.178408176,0.16007696099999999,0.13961869499999999,0.124939248,0.11616296299999999,0.110761046,0.1062534,0.10335665199999999,0.104073189,0.10802862000000001,0.113235012,0.117913716,0.120170228,0.118733644,0.114018224,0.109395459,0.108291917,0.109860219,0.113559984,0.12019302699999999
patch_05,0.10386801499999999,0.167712584,0.265645087,0.33268293700000001,0.36503216599999999,0.38609969599999999,0.4009974,0.41180145699999998,0.415675193,0.40750393299999998,0.38275805099999999,0.34378746199999999,0.30386805500000003,0.27060928899999998,0.238896728,0.214230955,0.204201892,0.19988632200000001,0.19155225200000001,0.18702733499999999,0.19204658299999999,0.20609112099999999,0.222308591,0.23240506599999999,0.23686827699999999,0.25079733100000001,0.28258249200000002,0.32685387100000002,0.36810225200000002,0.389551967,0.38864842100000002,0.38207903500000001,0.385019004,0.39812937399999998,0.42242008399999997,0.46331670899999999
patch_06,0.11915984,0.17703434800000001,0.25271770399999999,0.29628750700000001,0.31649625300000001,0.33380073300000002,0.35241913800000002,0.37917256399999999,0.420476407,0.46902924800000001,0.512582541,0.54411137099999995,0.55905878499999995,0.56147086599999996,0.55319809900000005,0.533608317,0.505451977,0.46886470899999999,0.42685711399999998,0.38276386299999998,0.33286529799999998,0.27992335000000002,0.23469911500000001,0.20615534499999999,0.19199006299999999,0.18518105100000001,0.18079335999999999,0.178838462,0.182449996,0.192464039,0.2049658,0.216449693,0.22428990900000001,0.22464249999999999,0.21999701899999999,0.221531004
patch_07,0.0496391095,0.052686560899999998,0.054016865800000001,0.054352283500000001,0.054496441,0.054667107800000003,0.054381348199999999,0.054899796799999998,0.055586069799999999,0.056477140600000003,0.057851899399999997,0.060732964399999999,0.068725183600000003,0.094090797000000004,0.13261213899999999,0.158761606,0.17553384599999999,0.20234544600000001,0.257104903,0.34874579300000003,0.45794269399999998,0.54409062900000005,0.57519823299999995,0.57366412899999997,0.56797289799999995,0.56477987799999996,0.56312680199999998,0.56487333799999995,0.57384777099999995,0.59355026499999997,0.61650288099999995,0.63696259300000002,0.65331900099999995,0.65837150799999999,0.65565848400000004,0.66260635899999998
patch_08,0.101508535,0.146592155,0.199593827,0.245362952,0.28946092699999998,0.32971063299999998,0.36234799000000001,0.37753787599999999,0.36986962000000001,0.34251293500000002,0.29513457399999998,0.23992706799999999,0.19078825399999999,0.15215009500000001,0.122907698,0.104205057,0.094167433699999997,0.087786451000000001,0.082593865700000005,0.079865328999999999,0.079439677299999997,0.080353200400000005,0.080815508999999994,0.080541811899999996,0.080535180900000003,0.082660801699999994,0.088761001800000003,0.098818249999999996,0.11287214600000001,0.13327899600000001,0.16237242499999999,0.20432536300000001,0.26000553399999998,0.32707876000000002,0.39847940199999998,0.46714991300000003
patch_09,0.093546532099999996,0.11515942999999999,0.130912796,0.13359658399999999,0.13124132199999999,0.12833578900000001,0.12605810200000001,0.123434581,0.119965583,0.11540613299999999,0.10992547900000001,0.105347179,0.100444324,0.095547050199999997,0.091489195800000006,0.0896842256,0.089556530100000004,0.090717010200000003,0.0938610733,0.10944686100000001,0.16922928400000001,0.28703260400000002,0.41359701799999998,0.5028494,0.54880845499999997,0.56750303499999999,0.57547092399999999,0.57906943600000005,0.579348266,0.579604805,0.57962191100000005,0.57974201400000003,0.58162468700000003,0.58291780900000001,0.58253866399999998,0.58499360099999997
patch_10,0.085323072999999999,0.110146679,0.13369041700000001,0.15217568000000001,0.16327767100000001,0.15876813200000001,0.14587055099999999,0.13036161700000001,0.113711223,0.098176732700000005,0.085062399499999997,0.074437253199999998,0.066323556000000006,0.061504542799999999,0.058252237700000001,0.055040992800000001,0.053206838700000002,0.053306851500000002,0.0537248403,0.053078260299999999,0.0519832857,0.052942246200000001,0.059557315,0.075486518399999994,0.098793745000000002,0.12204574,0.14402601100000001,0.16808004700000001,0.19672028699999999,0.23319309899999999,0.27838829199999998,0.33317851999999998,0.39306619799999998,0.45358097600000002,0.51261264100000004,0.57176011800000004
patch_11,0.0560939014,0.060005236400000002,0.062841393100000004,0.064115740399999996,0.065056681599999999,0.066839851399999997,0.069897152500000004,0.076382450800000001,0.089667394799999994,0.113361567,0.15271183799999999,0.20725807500000001,0.27983012800000001,0.37169429700000001,0.45564666399999998,0.50141251099999995,0.51501965500000002,0.50968432399999997,0.49311524600000001,0.47106033600000002,0.438793451,0.398753256,0.35900524299999997,0.33125788,0.31645435100000002,0.30900704899999998,0.30420556700000001,0.30200278800000002,0.30585479700000001,0.317633569,0.331916392,0.34494802400000002,0.35474863600000001,0.35612541399999997,0.351930201,0.35514748099999999
patch_12,0.059128314299999998,0.060924917500000002,0.061997257200000003,0.061543799900000001,0.061810344500000003,0.061940465100000001,0.062442593300000002,0.062954842999999996,0.063827916999999998,0.064918652199999996,0.066792517900000001,0.070198774300000003,0.081684976800000003,0.124891602,0.21807637799999999,0.32327017200000002,0.39391529600000003,0.43220907400000003,0.461938232,0.50113850800000004,0.542986631,0.57925796500000004,0.60224735699999998,0.61473810699999998,0.621411622,0.62535071399999997,0.62968838199999999,0.63409590699999996,0.63649839200000002,0.63936614999999997,0.64333099100000002,0.647221029,0.65262460700000002,0.65730267799999997,0.65943956400000003,0.66370409699999999
patch_13,0.050317727,0.056892518000000003,0.071306124299999996,0.10927362,0.164564654,0.21429783099999999,0.25911334200000002,0.287734449,0.28731492199999997,0.26232433300000002,0.21670556099999999,0.16252186900000001,0.11668777499999999,0.082693010600000005,0.058802474299999997,0.0465010628,0.041502926500000002,0.039114464100000003,0.0381493792,0.037966642500000002,0.037951402400000001,0.037972919600000002,0.038114789900000001,0.038454450699999997,0.0389568582,0.039471458600000002,0.040191508799999998,0.041027218099999999,0.0418761931,0.041642837199999998,0.040567632800000003,0.0401852652,0.040338911099999999,0.0415050499,0.043718047400000001,0.048003807699999998
patch_14,0.051033023699999999,0.054321572200000001,0.0548191965,0.055916197600000002,0.056522820100000003,0.058401610700000002,0.061151351800000003,0.066435255100000007,0.076603732999999993,0.096366226700000002,0.13542528500000001,0.20077392499999999,0.28019782900000001,0.33623668600000001,0.33871272200000002,0.31523880399999998,0.29358956200000003,0.26895555900000001,0.23788973699999999,0.21043039899999999,0.18563294399999999,0.158648282,0.13374604300000001,0.11727818800000001,0.108675323,0.104794174,0.10313196500000001,0.103096165,0.105482928,0.11186938,0.11996499400000001,0.12810307700000001,0.13454975199999999,0.13569474200000001,0.133153826,0.134841934
patch_15,0.051884442599999997,0.051851175700000002,0.051501110199999998,0.051408234999999997,0.0510775968,0.050657030200000001,0.0501113199,0.0489840806,0.047517713199999999,0.046222403600000003,0.044915083799999998,0.044066339699999998,0.044087145500000001,0.045211881400000001,0.046768229500000001,0.048163335799999998,0.051283363300000002,0.057001531100000002,0.063058815899999995,0.069689504799999996,0.078874915800000001,0.10284107200000001,0.17315688700000001,0.31827148799999999,0.48792395,0.60366523299999997,0.663246691,0.69165206000000001,0.70369392600000003,0.71046829199999995,0.71728497700000005,0.72562617100000004,0.73464834700000003,0.74133741900000005,0.74560534999999994,0.75175964799999995
patch_16,0.0528385751,0.051055841099999999,0.050169576,0.050838381100000003,0.051274657199999997,0.052278380800000003,0.054365161799999999,0.058437272899999997,0.066896744100000002,0.082688435899999996,0.111494943,0.159254059,0.236395732,0.34916427700000002,0.46265065700000002,0.53660148399999996,0.57948523799999996,0.60874503899999999,0.63070344899999997,0.65275973099999995,0.67010635100000004,0.68556189499999998,0.69775807899999998,0.70920854799999999,0.72028452200000004,0.73164063700000004,0.74396020200000001,0.75544792400000005,0.76185613900000004,0.76627993599999999,0.77213752300000005,0.77898114900000004,0.78777635099999999,0.79524022299999997,0.80056506400000005,0.80849027600000001
patch_17,0.12139090199999999,0.19051259800000001,0.28863739999999999,0.34388825299999998,0.354571521,0.343171954,0.32041037100000003,0.29391458599999998,0.266392976,0.23898272200000001,0.20889776900000001,0.1821758,0.16245569300000001,0.144469351,0.12136915299999999,0.103302434,0.099563047299999999,0.10325203099999999,0.103341848,0.11155651499999999,0.14557571699999999,0.213847816,0.30794617499999999,0.42102924000000003,0.53866159899999999,0.63458049299999997,0.70205628899999994,0.74569719999999995,0.77001375000000005,0.78221821800000002,0.78889912399999995,0.79709982899999998,0.81029653499999998,0.82129645299999998,0.82990181399999996,0.84166657899999997
patch_18,0.092947080700000004,0.139618784,0.199756235,0.241405591,0.26417586199999998,0.289850622,0.32343551500000001,0.35742711999999999,0.39441767300000002,0.42726799799999998,0.44119992899999999,0.43579500900000001,0.41170132199999998,0.37281814200000002,0.32283419400000002,0.26883858399999999,0.218324348,0.17301434299999999,0.136654258,0.11207093999999999,0.096362248100000006,0.086417868699999997,0.078882232299999994,0.074041344199999998,0.071993522300000001,0.071213997900000006,0.071384146800000006,0.072899527800000002,0.074843220399999993,0.075886689100000002,0.075077422000000005,0.073064908400000003,0.071177035599999994,0.070754207700000002,0.073895625800000003,0.081824883799999998
patch_19,0.14404229800000001,0.24682341499999999,0.45055303000000002,0.67524886100000003,0.80955856999999998,0.85436356099999999,0.86786884099999995,0.87592828300000003,0.88399338699999996,0.88930988300000002,0.89280599400000005,0.89730119699999999,0.89998209500000004,0.90255868400000006,0.90561997900000002,0.90592181699999996,0.90730285600000005,0.90825504099999999,0.90651255799999997,0.90932339399999995,0.90950739400000002,0.90996330999999997,0.90984785599999995,0.91081827900000001,0.91250276600000002,0.91486704299999999,0.91890555600000001,0.92252761100000003,0.92111849800000001,0.91890793999999998,0.91994923399999995,0.92269820000000002,0.92793166599999999,0.93141609400000003,0.93279647799999998,0.93758314799999998
patch_20,0.13424919499999999,0.22430217299999999,0.38443529599999998,0.51430648599999995,0.56361377199999996,0.57586342099999999,0.58004903799999996,0.58241319700000005,0.58376181100000002,0.582940876,0.58170384200000003,0.58167660200000004,0.58130663599999999,0.58197623499999995,0.58299619000000003,0.58209967600000001,0.581654966,0.581268907,0.57978331999999999,0.58065587299999999,0.57880127400000003,0.576849163,0.574842513,0.57314395900000004,0.57124632600000003,0.56916433600000005,0.56812596299999996,0.56701040300000005,0.56466597299999999,0.56309658299999998,0.56104284500000001,0.55826336099999996,0.55752175999999998,0.55678725200000001,0.55472207100000004,0.55505287599999997
patch_21,0.122341715,0.187757283,0.27627822800000001,0.33040371499999999,0.34525620899999998,0.35114327099999998,0.35611316599999998,0.35822981599999998,0.35762134200000001,0.35499349200000002,0.35216590800000003,0.35176643699999999,0.35208180500000003,0.35348516699999999,0.35551542000000003,0.355765045,0.35597443600000001,0.35607692600000002,0.355943501,0.35743945799999999,0.35645461099999998,0.35481807599999998,0.352127731,0.34924614399999998,0.346001893,0.34271702199999998,0.33968114900000002,0.33707684300000001,0.333570123,0.33058696999999998,0.32742020500000002,0.32383340599999999,0.32161682800000002,0.31934890199999999,0.31645417199999998,0.31473952500000002
patch_22,0.093200102399999998,0.126425117,0.15962415899999999,0.17445374999999999,0.17839025,0.18165627100000001,0.184191778,0.185367167,0.18456405400000001,0.18288244300000001,0.18108302400000001,0.18075253099999999,0.180937037,0.18161653,0.18246501700000001,0.182592794,0.18256482499999999,0.182911083,0.183593705,0.18529431499999999,0.18578493600000001,0.18531605600000001,0.18395815800000001,0.18241126799999999,0.180431336,0.178567052,0.176854342,0.175390661,0.173415869,0.17157842200000001,0.169907048,0.167790458,0.16629277200000001,0.165018111,0.16346216199999999,0.162391111
patch_23,0.069471418899999998,0.0811663195,0.089115940000000005,0.091678731099999994,0.092242792200000007,0.093367256199999998,0.094182223100000004,0.094034917699999998,0.093347035300000006,0.092179700700000006,0.090940423300000003,0.090391919000000001,0.090205274500000002,0.090294748499999994,0.090457595900000007,0.090142734299999999,0.089942611800000002,0.089858896999999993,0.089847795699999997,0.090285234199999995,0.0902837217,0.089794077,0.089114844799999995,0.088188976000000002,0.087171852600000002,0.086238674799999998,0.085598967999999998,0.0849575251,0.084093294999999998,0.083283968299999997,0.082737818399999996,0.0817796737,0.081259079299999995,0.0807902068,0.080012857899999998,0.079870298500000006
patch_24,0.035668879700000003,0.036421604500000003,0.035983905199999999,0.035841528300000002,0.036189828100000002,0.036328356700000002,0.036081008599999999,0.035759024299999997,0.035805705899999998,0.035692296900000003,0.035361331000000003,0.035366423399999999,0.035253733400000001,0.035228543000000001,0.035101793700000002,0.034917879800000003,0.034871321199999999,0.0348735191,0.034759119200000001,0.034827206300000003,0.034839905800000001,0.034903362399999999,0.034814827100000001,0.034643378099999997,0.034738689699999999,0.034801468299999999,0.034883059600000002,0.034933071599999997,0.034910779400000001,0.034920960700000003,0.034944348,0.035049151600000002,0.034848671400000003,0.035161521299999998,0.035046171399999999,0.034991066899999999
