series_id,reading_id,wavelength_nm,value
pr655,repeat_01,380,0.00027200000499999998
pr655,repeat_01,384,0.00028569999299999998
pr655,repeat_01,388,0.000280200009
pr655,repeat_01,392,0.00029249998600000001
pr655,repeat_01,396,0.00046420001300000001
pr655,repeat_01,400,0.00125500001
pr655,repeat_01,404,0.0033720000600000002
pr655,repeat_01,408,0.0068669999000000002
pr655,repeat_01,412,0.012090000300000001
pr655,repeat_01,416,0.017009999599999999
pr655,repeat_01,420,0.021090000899999999
pr655,repeat_01,424,0.024649999999999998
pr655,repeat_01,428,0.025650000199999998
pr655,repeat_01,432,0.027540000200000001
pr655,repeat_01,436,0.030190000299999999
pr655,repeat_01,440,0.0287699997
pr655,repeat_01,444,0.0280099995
pr655,repeat_01,448,0.027860000699999998
pr655,repeat_01,452,0.028780000300000001
pr655,repeat_01,456,0.0311299991
pr655,repeat_01,460,0.033390000500000003
pr655,repeat_01,464,0.0339699984
pr655,repeat_01,468,0.033590000100000003
pr655,repeat_01,472,0.033319998500000003
pr655,repeat_01,476,0.032760001699999999
pr655,repeat_01,480,0.032239999599999999
pr655,repeat_01,484,0.031750001
pr655,repeat_01,488,0.032900001900000003
pr655,repeat_01,492,0.033890001500000003
pr655,repeat_01,496,0.034570001099999997
pr655,repeat_01,500,0.035890001800000002
pr655,repeat_01,504,0.038410000499999999
pr655,repeat_01,508,0.037360001400000002
pr655,repeat_01,512,0.035840001000000003
pr655,repeat_01,516,0.036019999499999997
pr655,repeat_01,520,0.035829998600000003
pr655,repeat_01,524,0.035700000799999999
pr655,repeat_01,528,0.039220001499999997
pr655,repeat_01,532,0.053970001599999998
pr655,repeat_01,536,0.076020002399999995
pr655,repeat_01,540,0.0745600015
pr655,repeat_01,544,0.061650000500000003
pr655,repeat_01,548,0.0502200015
pr655,repeat_01,552,0.040950000299999997
pr655,repeat_01,556,0.0403800011
pr655,repeat_01,560,0.042780000700000001
pr655,repeat_01,564,0.047850001599999997
pr655,repeat_01,568,0.052319999800000003
pr655,repeat_01,572,0.048790000399999998
pr655,repeat_01,576,0.047279998699999999
pr655,repeat_01,580,0.0472400002
pr655,repeat_01,584,0.051339998800000002
pr655,repeat_01,588,0.058479998300000002
pr655,repeat_01,592,0.074709996599999995
pr655,repeat_01,596,0.081330001400000004
pr655,repeat_01,600,0.072729997300000002
pr655,repeat_01,604,0.064120002100000004
pr655,repeat_01,608,0.064290001999999999
pr655,repeat_01,612,0.066459998500000006
pr655,repeat_01,616,0.061569999899999998
pr655,repeat_01,620,0.054930001499999999
pr655,repeat_01,624,0.0534199998
pr655,repeat_01,628,0.053569998600000002
pr655,repeat_01,632,0.051460001599999999
pr655,repeat_01,636,0.050919998399999999
pr655,repeat_01,640,0.050469998299999999
pr655,repeat_01,644,0.051029998799999997
pr655,repeat_01,648,0.048280000699999999
pr655,repeat_01,652,0.044289998699999999
pr655,repeat_01,656,0.045460000600000001
pr655,repeat_01,660,0.045439999600000003
pr655,repeat_01,664,0.0435900018
pr655,repeat_01,668,0.041529998200000001
pr655,repeat_01,672,0.039439998599999998
pr655,repeat_01,676,0.038910001499999999
pr655,repeat_01,680,0.039119999900000001
pr655,repeat_01,684,0.039500001799999997
pr655,repeat_01,688,0.0339299999
pr655,repeat_01,692,0.030670000199999999
pr655,repeat_01,696,0.0295499992
pr655,repeat_01,700,0.026869999200000001
pr655,repeat_01,704,0.023700000700000001
pr655,repeat_01,708,0.021619999800000001
pr655,repeat_01,712,0.020819999299999999
pr655,repeat_01,716,0.019880000500000002
pr655,repeat_01,720,0.019090000499999999
pr655,repeat_01,724,0.0184199996
pr655,repeat_01,728,0.01719
pr655,repeat_01,732,0.016170000699999999
pr655,repeat_01,736,0.015729999200000001
pr655,repeat_01,740,0.015850000100000001
pr655,repeat_01,744,0.01559
pr655,repeat_01,748,0.0161400009
pr655,repeat_01,752,0.017790000899999998
pr655,repeat_01,756,0.0211800002
pr655,repeat_01,760,0.020269999300000001
pr655,repeat_01,764,0.018859999299999999
pr655,repeat_01,768,0.019600000199999999
pr655,repeat_01,772,0.01908
pr655,repeat_01,776,0.016499999899999999
pr655,repeat_01,780,0.0146300001
pr655,repeat_02,380,0.00022289999499999999
pr655,repeat_02,384,0.00018499999700000001
pr655,repeat_02,388,0.000220300004
pr655,repeat_02,392,0.000241500005
pr655,repeat_02,396,0.00041450001299999999
pr655,repeat_02,400,0.00122600002
pr655,repeat_02,404,0.0033269999499999999
pr655,repeat_02,408,0.00681499997
pr655,repeat_02,412,0.0120200003
pr655,repeat_02,416,0.016950000100000001
pr655,repeat_02,420,0.0210500006
pr655,repeat_02,424,0.024580000000000001
pr655,repeat_02,428,0.025569999600000001
pr655,repeat_02,432,0.027499999899999999
pr655,repeat_02,436,0.0301399995
pr655,repeat_02,440,0.028720000799999999
pr655,repeat_02,444,0.0279600006
pr655,repeat_02,448,0.027829999099999999
pr655,repeat_02,452,0.0287699997
pr655,repeat_02,456,0.031190000499999999
pr655,repeat_02,460,0.033429998900000001
pr655,repeat_02,464,0.0339800008
pr655,repeat_02,468,0.033640001000000003
pr655,repeat_02,472,0.033360000700000003
pr655,repeat_02,476,0.032859999700000003
pr655,repeat_02,480,0.032349999999999997
pr655,repeat_02,484,0.031870000099999997
pr655,repeat_02,488,0.032999999799999999
pr655,repeat_02,492,0.034030001599999998
pr655,repeat_02,496,0.0347100012
pr655,repeat_02,500,0.035999998499999998
pr655,repeat_02,504,0.038559999300000002
pr655,repeat_02,508,0.037480000399999998
pr655,repeat_02,512,0.035980001099999999
pr655,repeat_02,516,0.036139998600000001
pr655,repeat_02,520,0.035920001600000001
pr655,repeat_02,524,0.035790000099999997
pr655,repeat_02,528,0.039340000600000001
pr655,repeat_02,532,0.054170001299999999
pr655,repeat_02,536,0.076329998699999999
pr655,repeat_02,540,0.074900001300000005
pr655,repeat_02,544,0.061879999900000003
pr655,repeat_02,548,0.050390001400000002
pr655,repeat_02,552,0.0410800017
pr655,repeat_02,556,0.040470000399999997
pr655,repeat_02,560,0.042879998699999998
pr655,repeat_02,564,0.048000000399999999
pr655,repeat_02,568,0.052499998399999998
pr655,repeat_02,572,0.048930000500000001
pr655,repeat_02,576,0.047419998800000002
pr655,repeat_02,580,0.047380000399999997
pr655,repeat_02,584,0.051529999799999997
pr655,repeat_02,588,0.058720000100000003
pr655,repeat_02,592,0.0750799999
pr655,repeat_02,596,0.081749998000000004
pr655,repeat_02,600,0.073119998000000005
pr655,repeat_02,604,0.064450003199999994
pr655,repeat_02,608,0.064589999600000003
pr655,repeat_02,612,0.066780000899999997
pr655,repeat_02,616,0.061840001499999998
pr655,repeat_02,620,0.055179998299999998
pr655,repeat_02,624,0.053649999199999999
pr655,repeat_02,628,0.053739998499999997
pr655,repeat_02,632,0.051640000200000001
pr655,repeat_02,636,0.051070000999999997
pr655,repeat_02,640,0.050590001000000002
pr655,repeat_02,644,0.051150001600000002
pr655,repeat_02,648,0.048370000000000003
pr655,repeat_02,652,0.044429998800000002
pr655,repeat_02,656,0.045600000799999998
pr655,repeat_02,660,0.045570000999999999
pr655,repeat_02,664,0.043760001700000002
pr655,repeat_02,668,0.041719999200000003
pr655,repeat_02,672,0.039659999299999998
pr655,repeat_02,676,0.039110001200000001
pr655,repeat_02,680,0.039340000600000001
pr655,repeat_02,684,0.039730001199999997
pr655,repeat_02,688,0.034099999800000003
pr655,repeat_02,692,0.030859999400000001
pr655,repeat_02,696,0.029759999400000001
pr655,repeat_02,700,0.026979999599999999
pr655,repeat_02,704,0.023959999900000001
pr655,repeat_02,708,0.021970000100000001
pr655,repeat_02,712,0.0210299995
pr655,repeat_02,716,0.020109999900000002
pr655,repeat_02,720,0.019349999699999999
pr655,repeat_02,724,0.0185800008
pr655,repeat_02,728,0.0175000001
pr655,repeat_02,732,0.016580000500000001
pr655,repeat_02,736,0.016100000600000001
pr655,repeat_02,740,0.016149999599999999
pr655,repeat_02,744,0.015820000300000001
pr655,repeat_02,748,0.016550000799999999
pr655,repeat_02,752,0.018130000699999999
pr655,repeat_02,756,0.0212900005
pr655,repeat_02,760,0.0206899997
pr655,repeat_02,764,0.019039999700000001
pr655,repeat_02,768,0.019419999800000001
pr655,repeat_02,772,0.019150000100000002
pr655,repeat_02,776,0.016419999300000002
pr655,repeat_02,780,0.0144600002
pr655,repeat_03,380,0.00028380000699999999
pr655,repeat_03,384,0.00028489998699999998
pr655,repeat_03,388,0.000281799992
pr655,repeat_03,392,0.00034430000200000001
pr655,repeat_03,396,0.00046579999600000001
pr655,repeat_03,400,0.00127799995
pr655,repeat_03,404,0.0034099998899999998
pr655,repeat_03,408,0.0068799997699999999
pr655,repeat_03,412,0.0120799998
pr655,repeat_03,416,0.017020000099999998
pr655,repeat_03,420,0.021129999300000001
pr655,repeat_03,424,0.024639999499999999
pr655,repeat_03,428,0.025620000399999999
pr655,repeat_03,432,0.027519999100000001
pr655,repeat_03,436,0.03015
pr655,repeat_03,440,0.028720000799999999
pr655,repeat_03,444,0.0279300008
pr655,repeat_03,448,0.027799999299999999
pr655,repeat_03,452,0.028750000500000001
pr655,repeat_03,456,0.0311200004
pr655,repeat_03,460,0.033390000500000003
pr655,repeat_03,464,0.033920001200000001
pr655,repeat_03,468,0.033539999299999998
pr655,repeat_03,472,0.033280000099999998
pr655,repeat_03,476,0.032779999099999999
pr655,repeat_03,480,0.0322300009
pr655,repeat_03,484,0.031720001300000002
pr655,repeat_03,488,0.032859999700000003
pr655,repeat_03,492,0.033900000200000002
pr655,repeat_03,496,0.034589998400000002
pr655,repeat_03,500,0.035900000500000001
pr655,repeat_03,504,0.038469999999999997
pr655,repeat_03,508,0.0373999998
pr655,repeat_03,512,0.035890001800000002
pr655,repeat_03,516,0.036070000400000003
pr655,repeat_03,520,0.035849999600000002
pr655,repeat_03,524,0.035700000799999999
pr655,repeat_03,528,0.039269998700000003
pr655,repeat_03,532,0.054079998300000001
pr655,repeat_03,536,0.076240003099999995
pr655,repeat_03,540,0.074699997899999995
pr655,repeat_03,544,0.061609998300000003
pr655,repeat_03,548,0.0501799993
pr655,repeat_03,552,0.040950000299999997
pr655,repeat_03,556,0.040410000799999998
pr655,repeat_03,560,0.042810000500000001
pr655,repeat_03,564,0.047910001100000002
pr655,repeat_03,568,0.052439998799999998
pr655,repeat_03,572,0.048879999700000003
pr655,repeat_03,576,0.047329999499999997
pr655,repeat_03,580,0.047309998399999997
pr655,repeat_03,584,0.051470000299999999
pr655,repeat_03,588,0.058630000799999998
pr655,repeat_03,592,0.074960000799999996
pr655,repeat_03,596,0.0816499963
pr655,repeat_03,600,0.073030002400000002
pr655,repeat_03,604,0.064369998900000003
pr655,repeat_03,608,0.064450003199999994
pr655,repeat_03,612,0.066569998899999996
pr655,repeat_03,616,0.061730001100000001
pr655,repeat_03,620,0.055130001200000001
pr655,repeat_03,624,0.0536300018
pr655,repeat_03,628,0.053699999999999998
pr655,repeat_03,632,0.051569998300000003
pr655,repeat_03,636,0.050960000599999999
pr655,repeat_03,640,0.050500001799999999
pr655,repeat_03,644,0.051109999400000002
pr655,repeat_03,648,0.048360001299999997
pr655,repeat_03,652,0.044410001499999997
pr655,repeat_03,656,0.045589998399999998
pr655,repeat_03,660,0.045570000999999999
pr655,repeat_03,664,0.043659999999999997
pr655,repeat_03,668,0.041570000400000001
pr655,repeat_03,672,0.039579998700000001
pr655,repeat_03,676,0.039080001400000001
pr655,repeat_03,680,0.039250001299999997
pr655,repeat_03,684,0.039639998199999998
pr655,repeat_03,688,0.034070000099999997
pr655,repeat_03,692,0.030789999299999999
pr655,repeat_03,696,0.0296400003
pr655,repeat_03,700,0.026869999200000001
pr655,repeat_03,704,0.0239000004
pr655,repeat_03,708,0.021849999200000001
pr655,repeat_03,712,0.020959999399999998
pr655,repeat_03,716,0.019990000899999999
pr655,repeat_03,720,0.019239999399999999
pr655,repeat_03,724,0.018519999499999999
pr655,repeat_03,728,0.017300000400000001
pr655,repeat_03,732,0.016400000099999999
pr655,repeat_03,736,0.015909999599999999
pr655,repeat_03,740,0.01602
pr655,repeat_03,744,0.0155400001
pr655,repeat_03,748,0.016330000000000001
pr655,repeat_03,752,0.0179699995
pr655,repeat_03,756,0.021090000899999999
pr655,repeat_03,760,0.020320000099999999
pr655,repeat_03,764,0.018769999999999998
pr655,repeat_03,768,0.0190699995
pr655,repeat_03,772,0.018719999099999999
pr655,repeat_03,776,0.016270000499999999
pr655,repeat_03,780,0.014220000199999999
pr655,repeat_04,380,0.000219499998
pr655,repeat_04,384,0.00023760000500000001
pr655,repeat_04,388,0.0002351
pr655,repeat_04,392,0.00025049998700000002
pr655,repeat_04,396,0.00038969999899999999
pr655,repeat_04,400,0.00116800005
pr655,repeat_04,404,0.0032879998900000001
pr655,repeat_04,408,0.0068029998799999996
pr655,repeat_04,412,0.0120000001
pr655,repeat_04,416,0.016899999200000002
pr655,repeat_04,420,0.021020000800000001
pr655,repeat_04,424,0.024520000399999999
pr655,repeat_04,428,0.025499999499999999
pr655,repeat_04,432,0.027370000299999999
pr655,repeat_04,436,0.029969999600000002
pr655,repeat_04,440,0.028589999299999998
pr655,repeat_04,444,0.027829999099999999
pr655,repeat_04,448,0.0276599992
pr655,repeat_04,452,0.028610000399999998
pr655,repeat_04,456,0.030959999200000001
pr655,repeat_04,460,0.033220000600000001
pr655,repeat_04,464,0.033759999999999998
pr655,repeat_04,468,0.033390000500000003
pr655,repeat_04,472,0.033119998900000003
pr655,repeat_04,476,0.032600000499999997
pr655,repeat_04,480,0.032060000999999998
pr655,repeat_04,484,0.0315500014
pr655,repeat_04,488,0.032650001300000002
pr655,repeat_04,492,0.033659998300000001
pr655,repeat_04,496,0.034370001400000003
pr655,repeat_04,500,0.035700000799999999
pr655,repeat_04,504,0.038210000799999998
pr655,repeat_04,508,0.0371700004
pr655,repeat_04,512,0.035689998399999999
pr655,repeat_04,516,0.035859998300000001
pr655,repeat_04,520,0.035650000000000001
pr655,repeat_04,524,0.035480000099999999
pr655,repeat_04,528,0.039000000799999997
pr655,repeat_04,532,0.053679998999999999
pr655,repeat_04,536,0.075609996900000004
pr655,repeat_04,540,0.074019998300000001
pr655,repeat_04,544,0.061000000700000001
pr655,repeat_04,548,0.0497100018
pr655,repeat_04,552,0.0406000018
pr655,repeat_04,556,0.040070001000000001
pr655,repeat_04,560,0.042449999600000003
pr655,repeat_04,564,0.0475100018
pr655,repeat_04,568,0.051970001299999999
pr655,repeat_04,572,0.048420000800000002
pr655,repeat_04,576,0.046900000400000003
pr655,repeat_04,580,0.046840000899999998
pr655,repeat_04,584,0.0509300008
pr655,repeat_04,588,0.058010000700000001
pr655,repeat_04,592,0.074139997400000004
pr655,repeat_04,596,0.080739997300000005
pr655,repeat_04,600,0.072200000299999997
pr655,repeat_04,604,0.063610002400000004
pr655,repeat_04,608,0.063649997099999994
pr655,repeat_04,612,0.065659999799999993
pr655,repeat_04,616,0.060920000100000003
pr655,repeat_04,620,0.054389998299999999
pr655,repeat_04,624,0.052850000600000002
pr655,repeat_04,628,0.052939999799999998
pr655,repeat_04,632,0.050870001300000002
pr655,repeat_04,636,0.050259999899999998
pr655,repeat_04,640,0.049849998200000002
pr655,repeat_04,644,0.050340000500000003
pr655,repeat_04,648,0.047630000899999997
pr655,repeat_04,652,0.043659999999999997
pr655,repeat_04,656,0.044879998999999997
pr655,repeat_04,660,0.044819999499999999
pr655,repeat_04,664,0.042909998400000003
pr655,repeat_04,668,0.040959998999999997
pr655,repeat_04,672,0.038890000399999999
pr655,repeat_04,676,0.038419999199999999
pr655,repeat_04,680,0.038570001700000002
pr655,repeat_04,684,0.038970000999999997
pr655,repeat_04,688,0.033450000000000001
pr655,repeat_04,692,0.030279999599999999
pr655,repeat_04,696,0.029179999599999999
pr655,repeat_04,700,0.026399999899999999
pr655,repeat_04,704,0.023429999100000001
pr655,repeat_04,708,0.021520000000000001
pr655,repeat_04,712,0.020640000700000001
pr655,repeat_04,716,0.019719999299999999
pr655,repeat_04,720,0.0189800002
pr655,repeat_04,724,0.0183499996
pr655,repeat_04,728,0.0172199998
pr655,repeat_04,732,0.0162400007
pr655,repeat_04,736,0.0158699993
pr655,repeat_04,740,0.016070000800000001
pr655,repeat_04,744,0.0157699995
pr655,repeat_04,748,0.0163800009
pr655,repeat_04,752,0.0181000009
pr655,repeat_04,756,0.021080000299999999
pr655,repeat_04,760,0.0204099994
pr655,repeat_04,764,0.0189299993
pr655,repeat_04,768,0.019390000000000001
pr655,repeat_04,772,0.018899999600000002
pr655,repeat_04,776,0.016519999099999998
pr655,repeat_04,780,0.0143400002
pr655,repeat_05,380,0.00019760000600000001
pr655,repeat_05,384,0.000194699998
pr655,repeat_05,388,0.000193500004
pr655,repeat_05,392,0.00024630001300000003
pr655,repeat_05,396,0.00039030000299999999
pr655,repeat_05,400,0.001193
pr655,repeat_05,404,0.00335299992
pr655,repeat_05,408,0.00683999993
pr655,repeat_05,412,0.012059999599999999
pr655,repeat_05,416,0.016979999799999999
pr655,repeat_05,420,0.021069999799999999
pr655,repeat_05,424,0.024560000700000001
pr655,repeat_05,428,0.0255999994
pr655,repeat_05,432,0.0274400003
pr655,repeat_05,436,0.030039999599999999
pr655,repeat_05,440,0.0286400001
pr655,repeat_05,444,0.027879999999999999
pr655,repeat_05,448,0.027720000599999999
pr655,repeat_05,452,0.028610000399999998
pr655,repeat_05,456,0.0309699997
pr655,repeat_05,460,0.033169999700000001
pr655,repeat_05,464,0.033739998899999998
pr655,repeat_05,468,0.033349998300000003
pr655,repeat_05,472,0.033050000699999998
pr655,repeat_05,476,0.032499998799999999
pr655,repeat_05,480,0.032010000199999999
pr655,repeat_05,484,0.0314799994
pr655,repeat_05,488,0.032559998299999997
pr655,repeat_05,492,0.033569999000000003
pr655,repeat_05,496,0.034249998599999998
pr655,repeat_05,500,0.035549998300000003
pr655,repeat_05,504,0.038029998500000002
pr655,repeat_05,508,0.037009999199999997
pr655,repeat_05,512,0.035489998799999999
pr655,repeat_05,516,0.035650000000000001
pr655,repeat_05,520,0.0354400016
pr655,repeat_05,524,0.035310000199999997
pr655,repeat_05,528,0.038789998700000002
pr655,repeat_05,532,0.05339
pr655,repeat_05,536,0.075199998899999995
pr655,repeat_05,540,0.073629997700000005
pr655,repeat_05,544,0.060720000400000002
pr655,repeat_05,548,0.049509998399999998
pr655,repeat_05,552,0.040429998199999997
pr655,repeat_05,556,0.039889998699999998
pr655,repeat_05,560,0.042279999700000001
pr655,repeat_05,564,0.047279998699999999
pr655,repeat_05,568,0.051690000999999999
pr655,repeat_05,572,0.048179999000000001
pr655,repeat_05,576,0.046679999700000002
pr655,repeat_05,580,0.046629998800000003
pr655,repeat_05,584,0.050689998999999999
pr655,repeat_05,588,0.057689998300000003
pr655,repeat_05,592,0.073720000699999996
pr655,repeat_05,596,0.080269999800000005
pr655,repeat_05,600,0.071800001000000002
pr655,repeat_05,604,0.063309997300000004
pr655,repeat_05,608,0.063359998200000003
pr655,repeat_05,612,0.065420001699999994
pr655,repeat_05,616,0.060660000899999997
pr655,repeat_05,620,0.054179999999999999
pr655,repeat_05,624,0.0526800007
pr655,repeat_05,628,0.052790001000000003
pr655,repeat_05,632,0.050760000899999998
pr655,repeat_05,636,0.0501900017
pr655,repeat_05,640,0.0497299992
pr655,repeat_05,644,0.0502300002
pr655,repeat_05,648,0.047529999199999999
pr655,repeat_05,652,0.0435900018
pr655,repeat_05,656,0.044799998399999999
pr655,repeat_05,660,0.044780001
pr655,repeat_05,664,0.042899999799999998
pr655,repeat_05,668,0.0408900008
pr655,repeat_05,672,0.038849998300000001
pr655,repeat_05,676,0.038290001499999997
pr655,repeat_05,680,0.038499999799999997
pr655,repeat_05,684,0.038959998599999997
pr655,repeat_05,688,0.033420000200000001
pr655,repeat_05,692,0.030220000100000002
pr655,repeat_05,696,0.029030000800000001
pr655,repeat_05,700,0.0264299996
pr655,repeat_05,704,0.0233699996
pr655,repeat_05,708,0.021460000399999998
pr655,repeat_05,712,0.020579999299999999
pr655,repeat_05,716,0.019589999699999999
pr655,repeat_05,720,0.018890000899999999
pr655,repeat_05,724,0.018169999100000001
pr655,repeat_05,728,0.0169600006
pr655,repeat_05,732,0.015949999900000001
pr655,repeat_05,736,0.015680000199999999
pr655,repeat_05,740,0.0157099999
pr655,repeat_05,744,0.0154299997
pr655,repeat_05,748,0.016030000499999999
pr655,repeat_05,752,0.017769999799999998
pr655,repeat_05,756,0.020719999400000001
pr655,repeat_05,760,0.020239999500000001
pr655,repeat_05,764,0.0183499996
pr655,repeat_05,768,0.0188200008
pr655,repeat_05,772,0.018279999500000001
pr655,repeat_05,776,0.016189999900000002
pr655,repeat_05,780,0.014050000300000001
pr655,repeat_06,380,0.00026000000099999997
pr655,repeat_06,384,0.00027359998799999998
pr655,repeat_06,388,0.00032540000399999998
pr655,repeat_06,392,0.00027789999100000001
pr655,repeat_06,396,0.00044520001399999998
pr655,repeat_06,400,0.00127200002
pr655,repeat_06,404,0.0034030000699999999
pr655,repeat_06,408,0.0068520000200000004
pr655,repeat_06,412,0.0121200001
pr655,repeat_06,416,0.017060000400000001
pr655,repeat_06,420,0.021150000400000001
pr655,repeat_06,424,0.024639999499999999
pr655,repeat_06,428,0.025690000500000001
pr655,repeat_06,432,0.0275599994
pr655,repeat_06,436,0.030169999199999999
pr655,repeat_06,440,0.028759999200000001
pr655,repeat_06,444,0.0279600006
pr655,repeat_06,448,0.027850000199999999
pr655,repeat_06,452,0.028740000000000002
pr655,repeat_06,456,0.0310999993
pr655,repeat_06,460,0.033349998300000003
pr655,repeat_06,464,0.033900000200000002
pr655,repeat_06,468,0.033500000799999999
pr655,repeat_06,472,0.0332099982
pr655,repeat_06,476,0.032699998500000001
pr655,repeat_06,480,0.032170001400000002
pr655,repeat_06,484,0.031629998200000002
pr655,repeat_06,488,0.032740000599999999
pr655,repeat_06,492,0.033759999999999998
pr655,repeat_06,496,0.0344399996
pr655,repeat_06,500,0.035739999299999999
pr655,repeat_06,504,0.038249999299999997
pr655,repeat_06,508,0.037220001199999998
pr655,repeat_06,512,0.035689998399999999
pr655,repeat_06,516,0.035849999600000002
pr655,repeat_06,520,0.035659998700000001
pr655,repeat_06,524,0.035530000899999997
pr655,repeat_06,528,0.039009999500000003
pr655,repeat_06,532,0.0536199994
pr655,repeat_06,536,0.075489997899999994
pr655,repeat_06,540,0.074029997
pr655,repeat_06,544,0.061140000799999997
pr655,repeat_06,548,0.049860000600000003
pr655,repeat_06,552,0.040660001299999998
pr655,repeat_06,556,0.040139999199999998
pr655,repeat_06,560,0.042520001500000001
pr655,repeat_06,564,0.047550000299999999
pr655,repeat_06,568,0.051970001299999999
pr655,repeat_06,572,0.048439998200000001
pr655,repeat_06,576,0.046939998900000002
pr655,repeat_06,580,0.046909999100000002
pr655,repeat_06,584,0.050949998199999999
pr655,repeat_06,588,0.057930000099999997
pr655,repeat_06,592,0.074000000999999996
pr655,repeat_06,596,0.080619998299999995
pr655,repeat_06,600,0.072140000800000006
pr655,repeat_06,604,0.063600003700000005
pr655,repeat_06,608,0.0637300014
pr655,repeat_06,612,0.065870001900000003
pr655,repeat_06,616,0.061039999099999999
pr655,repeat_06,620,0.054489999999999997
pr655,repeat_06,624,0.052979998299999997
pr655,repeat_06,628,0.053100001100000002
pr655,repeat_06,632,0.051029998799999997
pr655,repeat_06,636,0.050489999399999999
pr655,repeat_06,640,0.050020001799999998
pr655,repeat_06,644,0.050510000399999998
pr655,repeat_06,648,0.047830000499999997
pr655,repeat_06,652,0.043889999399999997
pr655,repeat_06,656,0.045040000199999999
pr655,repeat_06,660,0.044959999600000002
pr655,repeat_06,664,0.043159998999999998
pr655,repeat_06,668,0.041140001299999999
pr655,repeat_06,672,0.039140000899999999
pr655,repeat_06,676,0.0386300012
pr655,repeat_06,680,0.038809999800000002
pr655,repeat_06,684,0.039220001499999997
pr655,repeat_06,688,0.033759999999999998
pr655,repeat_06,692,0.030530000099999999
pr655,repeat_06,696,0.0294199996
pr655,repeat_06,700,0.026660000900000001
pr655,repeat_06,704,0.023600000900000001
pr655,repeat_06,708,0.021730000199999999
pr655,repeat_06,712,0.0207800008
pr655,repeat_06,716,0.019780000700000001
pr655,repeat_06,720,0.0190699995
pr655,repeat_06,724,0.018370000599999999
pr655,repeat_06,728,0.017149999700000002
pr655,repeat_06,732,0.016259999899999999
pr655,repeat_06,736,0.0158699993
pr655,repeat_06,740,0.0157900006
pr655,repeat_06,744,0.0154299997
pr655,repeat_06,748,0.016179999300000001
pr655,repeat_06,752,0.0179500002
pr655,repeat_06,756,0.021069999799999999
pr655,repeat_06,760,0.0201500002
pr655,repeat_06,764,0.0186000001
pr655,repeat_06,768,0.0189800002
pr655,repeat_06,772,0.0183199998
pr655,repeat_06,776,0.0165100005
pr655,repeat_06,780,0.014600000300000001
pr655,repeat_07,380,0.00028420000999999998
pr655,repeat_07,384,0.00026030000300000003
pr655,repeat_07,388,0.00027590000500000002
pr655,repeat_07,392,0.00036959999100000002
pr655,repeat_07,396,0.00048650000799999998
pr655,repeat_07,400,0.0013020000199999999
pr655,repeat_07,404,0.0034129999100000002
pr655,repeat_07,408,0.0068560000499999999
pr655,repeat_07,412,0.0120200003
pr655,repeat_07,416,0.016950000100000001
pr655,repeat_07,420,0.021069999799999999
pr655,repeat_07,424,0.024550000200000002
pr655,repeat_07,428,0.0255999994
pr655,repeat_07,432,0.027470000099999999
pr655,repeat_07,436,0.030079999900000001
pr655,repeat_07,440,0.028689999099999999
pr655,repeat_07,444,0.027920000300000001
pr655,repeat_07,448,0.027790000700000001
pr655,repeat_07,452,0.028750000500000001
pr655,repeat_07,456,0.031109999900000001
pr655,repeat_07,460,0.033380001800000003
pr655,repeat_07,464,0.0339399986
pr655,repeat_07,468,0.033580001399999997
pr655,repeat_07,472,0.033289998799999998
pr655,repeat_07,476,0.032760001699999999
pr655,repeat_07,480,0.032260000699999999
pr655,repeat_07,484,0.031750001
pr655,repeat_07,488,0.032880000800000003
pr655,repeat_07,492,0.0339099988
pr655,repeat_07,496,0.034609999500000002
pr655,repeat_07,500,0.035920001600000001
pr655,repeat_07,504,0.038440000299999999
pr655,repeat_07,508,0.0373900011
pr655,repeat_07,512,0.035900000500000001
pr655,repeat_07,516,0.036079999100000003
pr655,repeat_07,520,0.035879999400000001
pr655,repeat_07,524,0.035709999499999999
pr655,repeat_07,528,0.039239998900000003
pr655,repeat_07,532,0.054030001199999997
pr655,repeat_07,536,0.076099999200000004
pr655,repeat_07,540,0.074660003200000005
pr655,repeat_07,544,0.061670001600000003
pr655,repeat_07,548,0.050239998799999998
pr655,repeat_07,552,0.040970001399999997
pr655,repeat_07,556,0.040419999499999998
pr655,repeat_07,560,0.042840000199999999
pr655,repeat_07,564,0.047919999800000002
pr655,repeat_07,568,0.052400000400000001
pr655,repeat_07,572,0.048849999900000003
pr655,repeat_07,576,0.047329999499999997
pr655,repeat_07,580,0.047309998399999997
pr655,repeat_07,584,0.051440000499999999
pr655,repeat_07,588,0.058550000200000001
pr655,repeat_07,592,0.0747999996
pr655,repeat_07,596,0.081469997799999999
pr655,repeat_07,600,0.072930000699999997
pr655,repeat_07,604,0.064280003299999999
pr655,repeat_07,608,0.064369998900000003
pr655,repeat_07,612,0.066529996699999996
pr655,repeat_07,616,0.061670001600000003
pr655,repeat_07,620,0.055029999500000003
pr655,repeat_07,624,0.053479999299999997
pr655,repeat_07,628,0.0536300018
pr655,repeat_07,632,0.051550000899999997
pr655,repeat_07,636,0.050919998399999999
pr655,repeat_07,640,0.0504599996
pr655,repeat_07,644,0.050990000399999999
pr655,repeat_07,648,0.048280000699999999
pr655,repeat_07,652,0.044250000300000002
pr655,repeat_07,656,0.045449998200000001
pr655,repeat_07,660,0.045419998500000003
pr655,repeat_07,664,0.0435400009
pr655,repeat_07,668,0.041489999700000002
pr655,repeat_07,672,0.039429999899999998
pr655,repeat_07,676,0.038949999999999999
pr655,repeat_07,680,0.039149999599999999
pr655,repeat_07,684,0.039519999200000003
pr655,repeat_07,688,0.034070000099999997
pr655,repeat_07,692,0.0307500008
pr655,repeat_07,696,0.0296700001
pr655,repeat_07,700,0.027009999400000002
pr655,repeat_07,704,0.023919999599999998
pr655,repeat_07,708,0.021929999799999999
pr655,repeat_07,712,0.0210500006
pr655,repeat_07,716,0.020139999700000001
pr655,repeat_07,720,0.019339999199999999
pr655,repeat_07,724,0.018710000399999999
pr655,repeat_07,728,0.017540000399999998
pr655,repeat_07,732,0.016550000799999999
pr655,repeat_07,736,0.0161400009
pr655,repeat_07,740,0.016270000499999999
pr655,repeat_07,744,0.0158600006
pr655,repeat_07,748,0.016459999600000001
pr655,repeat_07,752,0.018209999399999999
pr655,repeat_07,756,0.021449999899999999
pr655,repeat_07,760,0.020679999099999999
pr655,repeat_07,764,0.018969999599999999
pr655,repeat_07,768,0.019509999100000001
pr655,repeat_07,772,0.018969999599999999
pr655,repeat_07,776,0.016480000700000001
pr655,repeat_07,780,0.0146399997
pr655,repeat_08,380,0.00026199998700000002
pr655,repeat_08,384,0.00028489998699999998
pr655,repeat_08,388,0.00029890000599999998
pr655,repeat_08,392,0.000280500011
pr655,repeat_08,396,0.00044450000899999998
pr655,repeat_08,400,0.00127200002
pr655,repeat_08,404,0.0033630000000000001
pr655,repeat_08,408,0.0068379999099999998
pr655,repeat_08,412,0.012029999899999999
pr655,repeat_08,416,0.016979999799999999
pr655,repeat_08,420,0.0210500006
pr655,repeat_08,424,0.024580000000000001
pr655,repeat_08,428,0.025590000700000001
pr655,repeat_08,432,0.027470000099999999
pr655,repeat_08,436,0.030090000499999998
pr655,repeat_08,440,0.0286800005
pr655,repeat_08,444,0.0279099997
pr655,repeat_08,448,0.027760000900000002
pr655,repeat_08,452,0.028720000799999999
pr655,repeat_08,456,0.0310999993
pr655,repeat_08,460,0.033360000700000003
pr655,repeat_08,464,0.033900000200000002
pr655,repeat_08,468,0.033550001699999998
pr655,repeat_08,472,0.033270001399999999
pr655,repeat_08,476,0.032760001699999999
pr655,repeat_08,480,0.0322300009
pr655,repeat_08,484,0.0317399986
pr655,repeat_08,488,0.032859999700000003
pr655,repeat_08,492,0.033900000200000002
pr655,repeat_08,496,0.034609999500000002
pr655,repeat_08,500,0.035920001600000001
pr655,repeat_08,504,0.038490001099999997
pr655,repeat_08,508,0.0374099985
pr655,repeat_08,512,0.035920001600000001
pr655,repeat_08,516,0.036100000100000001
pr655,repeat_08,520,0.035879999400000001
pr655,repeat_08,524,0.035760000299999997
pr655,repeat_08,528,0.039280001100000003
pr655,repeat_08,532,0.0541400015
pr655,repeat_08,536,0.076310001299999999
pr655,repeat_08,540,0.074730001399999996
pr655,repeat_08,544,0.061659999200000003
pr655,repeat_08,548,0.0502300002
pr655,repeat_08,552,0.040989998700000002
pr655,repeat_08,556,0.040479999000000003
pr655,repeat_08,560,0.042890001099999998
pr655,repeat_08,564,0.047959998300000001
pr655,repeat_08,568,0.052480000999999998
pr655,repeat_08,572,0.048900000800000003
pr655,repeat_08,576,0.047370001699999997
pr655,repeat_08,580,0.047339998199999997
pr655,repeat_08,584,0.051479998999999999
pr655,repeat_08,588,0.058619998399999998
pr655,repeat_08,592,0.074940003500000005
pr655,repeat_08,596,0.081629998999999995
pr655,repeat_08,600,0.072999998900000002
pr655,repeat_08,604,0.064340002800000004
pr655,repeat_08,608,0.064460001899999994
pr655,repeat_08,612,0.066480003300000007
pr655,repeat_08,616,0.061659999200000003
pr655,repeat_08,620,0.055039998100000001
pr655,repeat_08,624,0.053490001699999998
pr655,repeat_08,628,0.053569998600000002
pr655,repeat_08,632,0.051479998999999999
pr655,repeat_08,636,0.0509300008
pr655,repeat_08,640,0.0504599996
pr655,repeat_08,644,0.051010001499999999
pr655,repeat_08,648,0.048220001200000001
pr655,repeat_08,652,0.0442599989
pr655,repeat_08,656,0.045449998200000001
pr655,repeat_08,660,0.045419998500000003
pr655,repeat_08,664,0.043600000399999998
pr655,repeat_08,668,0.041579998999999999
pr655,repeat_08,672,0.039480000699999997
pr655,repeat_08,676,0.039039999200000002
pr655,repeat_08,680,0.039159998299999998
pr655,repeat_08,684,0.039560001300000001
pr655,repeat_08,688,0.034109998500000002
pr655,repeat_08,692,0.030810000399999999
pr655,repeat_08,696,0.029650000900000001
pr655,repeat_08,700,0.026869999200000001
pr655,repeat_08,704,0.023919999599999998
pr655,repeat_08,708,0.0219199993
pr655,repeat_08,712,0.020940000199999999
pr655,repeat_08,716,0.0200500004
pr655,repeat_08,720,0.019249999899999998
pr655,repeat_08,724,0.0186700001
pr655,repeat_08,728,0.0174400005
pr655,repeat_08,732,0.0164700001
pr655,repeat_08,736,0.016079999500000001
pr655,repeat_08,740,0.016070000800000001
pr655,repeat_08,744,0.015779999999999999
pr655,repeat_08,748,0.016419999300000002
pr655,repeat_08,752,0.018149999900000002
pr655,repeat_08,756,0.021129999300000001
pr655,repeat_08,760,0.020619999600000001
pr655,repeat_08,764,0.018740000199999999
pr655,repeat_08,768,0.019349999699999999
pr655,repeat_08,772,0.018869999799999999
pr655,repeat_08,776,0.016400000099999999
pr655,repeat_08,780,0.0144300004
i1pro,repeat_01,380,0.00035186737700000002
i1pro,repeat_01,390,0.00038844821400000002
i1pro,repeat_01,400,0.0055700945699999997
i1pro,repeat_01,410,0.031305600000000003
i1pro,repeat_01,420,0.069507583999999997
i1pro,repeat_01,430,0.090351156899999993
i1pro,repeat_01,440,0.097735427299999997
i1pro,repeat_01,450,0.101127438
i1pro,repeat_01,460,0.115436338
i1pro,repeat_01,470,0.114845976
i1pro,repeat_01,480,0.110086463
i1pro,repeat_01,490,0.114349671
i1pro,repeat_01,500,0.12629348000000001
i1pro,repeat_01,510,0.128596619
i1pro,repeat_01,520,0.124745049
i1pro,repeat_01,530,0.178303927
i1pro,repeat_01,540,0.229569674
i1pro,repeat_01,550,0.15457612300000001
i1pro,repeat_01,560,0.151260108
i1pro,repeat_01,570,0.170205414
i1pro,repeat_01,580,0.170519173
i1pro,repeat_01,590,0.23312443499999999
i1pro,repeat_01,600,0.24411754299999999
i1pro,repeat_01,610,0.217714608
i1pro,repeat_01,620,0.19197784400000001
i1pro,repeat_01,630,0.179658234
i1pro,repeat_01,640,0.17461949600000001
i1pro,repeat_01,650,0.16144692899999999
i1pro,repeat_01,660,0.153203115
i1pro,repeat_01,670,0.139683425
i1pro,repeat_01,680,0.13135439199999999
i1pro,repeat_01,690,0.11016087200000001
i1pro,repeat_01,700,0.087723866100000006
i1pro,repeat_01,710,0.071370072699999995
i1pro,repeat_01,720,0.064620964200000006
i1pro,repeat_01,730,0.0603225753
i1pro,repeat_02,380,0.000344208878
i1pro,repeat_02,390,0.00039782546800000001
i1pro,repeat_02,400,0.0055325347899999999
i1pro,repeat_02,410,0.031326718599999998
i1pro,repeat_02,420,0.069678627000000007
i1pro,repeat_02,430,0.090463980999999999
i1pro,repeat_02,440,0.0978475288
i1pro,repeat_02,450,0.101328552
i1pro,repeat_02,460,0.115704998
i1pro,repeat_02,470,0.11513780799999999
i1pro,repeat_02,480,0.11031134400000001
i1pro,repeat_02,490,0.114492424
i1pro,repeat_02,500,0.126641318
i1pro,repeat_02,510,0.129077524
i1pro,repeat_02,520,0.12523490200000001
i1pro,repeat_02,530,0.178915292
i1pro,repeat_02,540,0.22970378399999999
i1pro,repeat_02,550,0.154678389
i1pro,repeat_02,560,0.15183053899999999
i1pro,repeat_02,570,0.170882493
i1pro,repeat_02,580,0.17101722999999999
i1pro,repeat_02,590,0.233744904
i1pro,repeat_02,600,0.24496470400000001
i1pro,repeat_02,610,0.21803155499999999
i1pro,repeat_02,620,0.19251061999999999
i1pro,repeat_02,630,0.18036602400000001
i1pro,repeat_02,640,0.175442606
i1pro,repeat_02,650,0.16219119700000001
i1pro,repeat_02,660,0.15389619800000001
i1pro,repeat_02,670,0.14035376899999999
i1pro,repeat_02,680,0.131951079
i1pro,repeat_02,690,0.11069317200000001
i1pro,repeat_02,700,0.088155724099999999
i1pro,repeat_02,710,0.0716440827
i1pro,repeat_02,720,0.0649392679
i1pro,repeat_02,730,0.0606408976
i1pro,repeat_03,380,0.00037530550600000002
i1pro,repeat_03,390,0.00042115314900000001
i1pro,repeat_03,400,0.00559825497
i1pro,repeat_03,410,0.031512170999999999
i1pro,repeat_03,420,0.0700199232
i1pro,repeat_03,430,0.090834885800000001
i1pro,repeat_03,440,0.098159074799999996
i1pro,repeat_03,450,0.10158152099999999
i1pro,repeat_03,460,0.11602523200000001
i1pro,repeat_03,470,0.11545351099999999
i1pro,repeat_03,480,0.110595718
i1pro,repeat_03,490,0.11482935399999999
i1pro,repeat_03,500,0.12700605400000001
i1pro,repeat_03,510,0.12941965499999999
i1pro,repeat_03,520,0.125530645
i1pro,repeat_03,530,0.179531783
i1pro,repeat_03,540,0.23076713099999999
i1pro,repeat_03,550,0.155198857
i1pro,repeat_03,560,0.15219175800000001
i1pro,repeat_03,570,0.17137616899999999
i1pro,repeat_03,580,0.17155821600000001
i1pro,repeat_03,590,0.23481242399999999
i1pro,repeat_03,600,0.24594450000000001
i1pro,repeat_03,610,0.21877427399999999
i1pro,repeat_03,620,0.19294473500000001
i1pro,repeat_03,630,0.180587947
i1pro,repeat_03,640,0.17551019800000001
i1pro,repeat_03,650,0.16231267199999999
i1pro,repeat_03,660,0.15414542000000001
i1pro,repeat_03,670,0.140564457
i1pro,repeat_03,680,0.13219863200000001
i1pro,repeat_03,690,0.110844478
i1pro,repeat_03,700,0.088257439399999998
i1pro,repeat_03,710,0.071743235000000002
i1pro,repeat_03,720,0.065017469199999997
i1pro,repeat_03,730,0.060757067099999999
i1pro,repeat_04,380,0.00033945558200000001
i1pro,repeat_04,390,0.00042028233299999998
i1pro,repeat_04,400,0.0055950251400000003
i1pro,repeat_04,410,0.031461499599999998
i1pro,repeat_04,420,0.069880053400000003
i1pro,repeat_04,430,0.090693004399999999
i1pro,repeat_04,440,0.098038583999999998
i1pro,repeat_04,450,0.101446941
i1pro,repeat_04,460,0.115849428
i1pro,repeat_04,470,0.115267858
i1pro,repeat_04,480,0.110476173
i1pro,repeat_04,490,0.114721976
i1pro,repeat_04,500,0.12677529500000001
i1pro,repeat_04,510,0.12912420899999999
i1pro,repeat_04,520,0.125240609
i1pro,repeat_04,530,0.17910562499999999
i1pro,repeat_04,540,0.23056600999999999
i1pro,repeat_04,550,0.15510448800000001
i1pro,repeat_04,560,0.151848331
i1pro,repeat_04,570,0.17098981099999999
i1pro,repeat_04,580,0.17125617000000001
i1pro,repeat_04,590,0.23429857200000001
i1pro,repeat_04,600,0.245387256
i1pro,repeat_04,610,0.21851146199999999
i1pro,repeat_04,620,0.19265286600000001
i1pro,repeat_04,630,0.18020251400000001
i1pro,repeat_04,640,0.17514357
i1pro,repeat_04,650,0.16193594
i1pro,repeat_04,660,0.15378250199999999
i1pro,repeat_04,670,0.14020606899999999
i1pro,repeat_04,680,0.131833911
i1pro,repeat_04,690,0.11055245299999999
i1pro,repeat_04,700,0.088056966700000003
i1pro,repeat_04,710,0.071576260000000003
i1pro,repeat_04,720,0.064829952999999996
i1pro,repeat_04,730,0.060542203500000003
i1pro,repeat_05,380,0.00035991720500000001
i1pro,repeat_05,390,0.00040630638299999998
i1pro,repeat_05,400,0.0055729765399999999
i1pro,repeat_05,410,0.031141180500000001
i1pro,repeat_05,420,0.069175511600000003
i1pro,repeat_05,430,0.090059101599999997
i1pro,repeat_05,440,0.097479321100000002
i1pro,repeat_05,450,0.10080325599999999
i1pro,repeat_05,460,0.115055427
i1pro,repeat_05,470,0.11448653
i1pro,repeat_05,480,0.109773733
i1pro,repeat_05,490,0.11407226299999999
i1pro,repeat_05,500,0.12587833400000001
i1pro,repeat_05,510,0.12812696400000001
i1pro,repeat_05,520,0.124276899
i1pro,repeat_05,530,0.17749179900000001
i1pro,repeat_05,540,0.228954449
i1pro,repeat_05,550,0.15424931
i1pro,repeat_05,560,0.15064565799999999
i1pro,repeat_05,570,0.16952192799999999
i1pro,repeat_05,580,0.169931948
i1pro,repeat_05,590,0.23209801299999999
i1pro,repeat_05,600,0.243088529
i1pro,repeat_05,610,0.217125401
i1pro,repeat_05,620,0.19140379099999999
i1pro,repeat_05,630,0.179073811
i1pro,repeat_05,640,0.174004838
i1pro,repeat_05,650,0.16087342800000001
i1pro,repeat_05,660,0.152605712
i1pro,repeat_05,670,0.13915814500000001
i1pro,repeat_05,680,0.13085158199999999
i1pro,repeat_05,690,0.10974178499999999
i1pro,repeat_05,700,0.087433077400000003
i1pro,repeat_05,710,0.071157559800000006
i1pro,repeat_05,720,0.064434654999999993
i1pro,repeat_05,730,0.060121998199999999
i1pro,repeat_06,380,0.00035236822400000001
i1pro,repeat_06,390,0.00041596920299999998
i1pro,repeat_06,400,0.0056147803600000001
i1pro,repeat_06,410,0.031387358900000002
i1pro,repeat_06,420,0.069684982300000003
i1pro,repeat_06,430,0.090563684699999994
i1pro,repeat_06,440,0.097923964299999999
i1pro,repeat_06,450,0.10116528
i1pro,repeat_06,460,0.115513764
i1pro,repeat_06,470,0.114891089
i1pro,repeat_06,480,0.110147685
i1pro,repeat_06,490,0.114521153
i1pro,repeat_06,500,0.12630263
i1pro,repeat_06,510,0.128524363
i1pro,repeat_06,520,0.124624424
i1pro,repeat_06,530,0.17836044700000001
i1pro,repeat_06,540,0.230557814
i1pro,repeat_06,550,0.15497776899999999
i1pro,repeat_06,560,0.151062474
i1pro,repeat_06,570,0.170121416
i1pro,repeat_06,580,0.17062293000000001
i1pro,repeat_06,590,0.23360909499999999
i1pro,repeat_06,600,0.244469941
i1pro,repeat_06,610,0.21810449700000001
i1pro,repeat_06,620,0.19192116000000001
i1pro,repeat_06,630,0.17922621999999999
i1pro,repeat_06,640,0.173970029
i1pro,repeat_06,650,0.160888791
i1pro,repeat_06,660,0.152837098
i1pro,repeat_06,670,0.139363244
i1pro,repeat_06,680,0.131069779
i1pro,repeat_06,690,0.109873556
i1pro,repeat_06,700,0.087534613900000002
i1pro,repeat_06,710,0.071183875199999996
i1pro,repeat_06,720,0.064395159499999993
i1pro,repeat_06,730,0.060156524199999999
i1pro,repeat_07,380,0.00040078681199999999
i1pro,repeat_07,390,0.000432624976
i1pro,repeat_07,400,0.0056085418899999998
i1pro,repeat_07,410,0.031317986499999999
i1pro,repeat_07,420,0.069558769500000006
i1pro,repeat_07,430,0.090460494200000005
i1pro,repeat_07,440,0.097828343499999998
i1pro,repeat_07,450,0.10105407199999999
i1pro,repeat_07,460,0.11536333
i1pro,repeat_07,470,0.114763327
i1pro,repeat_07,480,0.110044561
i1pro,repeat_07,490,0.114411339
i1pro,repeat_07,500,0.12616248399999999
i1pro,repeat_07,510,0.128355831
i1pro,repeat_07,520,0.12444965500000001
i1pro,repeat_07,530,0.17810137600000001
i1pro,repeat_07,540,0.23038220400000001
i1pro,repeat_07,550,0.15489987999999999
i1pro,repeat_07,560,0.150860831
i1pro,repeat_07,570,0.169895038
i1pro,repeat_07,580,0.17042979599999999
i1pro,repeat_07,590,0.23333844500000001
i1pro,repeat_07,600,0.244145736
i1pro,repeat_07,610,0.21790200500000001
i1pro,repeat_07,620,0.19169238199999999
i1pro,repeat_07,630,0.17897738499999999
i1pro,repeat_07,640,0.17373709400000001
i1pro,repeat_07,650,0.160665646
i1pro,repeat_07,660,0.152580827
i1pro,repeat_07,670,0.139128849
i1pro,repeat_07,680,0.13085170099999999
i1pro,repeat_07,690,0.10969939099999999
i1pro,repeat_07,700,0.087351709599999994
i1pro,repeat_07,710,0.071079119999999996
i1pro,repeat_07,720,0.064310491100000006
i1pro,repeat_07,730,0.060044150800000001
i1pro,repeat_08,380,0.00035627407499999998
i1pro,repeat_08,390,0.00043027923700000002
i1pro,repeat_08,400,0.0056051481500000002
i1pro,repeat_08,410,0.031281720800000003
i1pro,repeat_08,420,0.069477178200000003
i1pro,repeat_08,430,0.090402319999999994
i1pro,repeat_08,440,0.097755059599999999
i1pro,repeat_08,450,0.100965701
i1pro,repeat_08,460,0.115284257
i1pro,repeat_08,470,0.114640698
i1pro,repeat_08,480,0.10993565600000001
i1pro,repeat_08,490,0.114334874
i1pro,repeat_08,500,0.12601062699999999
i1pro,repeat_08,510,0.12818078699999999
i1pro,repeat_08,520,0.124290518
i1pro,repeat_08,530,0.177876532
i1pro,repeat_08,540,0.23030582099999999
i1pro,repeat_08,550,0.15484720499999999
i1pro,repeat_08,560,0.15067330000000001
i1pro,repeat_08,570,0.16968071500000001
i1pro,repeat_08,580,0.17027007
i1pro,repeat_08,590,0.233113602
i1pro,repeat_08,600,0.24388796099999999
i1pro,repeat_08,610,0.21776633000000001
i1pro,repeat_08,620,0.19149625300000001
i1pro,repeat_08,630,0.17872491500000001
i1pro,repeat_08,640,0.17340607899999999
i1pro,repeat_08,650,0.160363331
i1pro,repeat_08,660,0.15234877199999999
i1pro,repeat_08,670,0.13891920399999999
i1pro,repeat_08,680,0.13063348799999999
i1pro,repeat_08,690,0.109522827
i1pro,repeat_08,700,0.087218560299999998
i1pro,repeat_08,710,0.070949859899999995
i1pro,repeat_08,720,0.064179487499999993
i1pro,repeat_08,730,0.059921123100000001
