group_id,repeat_index,canonical_path,sha256,alias_paths
ramp_patch_01,1,Old/1 to 6/patch_1trail_1.mat,3dc2a955996f6ce78a1b911a4c75a7857fb53bf776af95324ad91a872b859a45,
ramp_patch_01,2,Old/1 to 6/patch_1trail_2.mat,40a017eb565c085bde7902eb44570683f68646e24d4d8ee18eef70da359514f3,
ramp_patch_01,3,Old/1 to 6/patch_1trail_3.mat,6d508f31cedd04a939dd628d4eec2aca648f5d6e8f38a764bded7cd2c0a1d31d,
ramp_patch_02,1,Old/1 to 6/patch_2trail_1.mat,dafabae9acff9677a24a6e1ecc27ab1b32d87c971aabd9f21730d2be34f3df24,
ramp_patch_02,2,Old/1 to 6/patch_2trail_2.mat,ddc73cea26738486d4bbb0a554c64aeda04b216097c5e4d85d58804370c5d17c,
ramp_patch_02,3,Old/1 to 6/patch_2trail_3.mat,b032cdbd4d6d1dbe9e4ef706ed39f6a6957ad91989ba464667444261899a0c4c,
ramp_patch_03,1,Old/1 to 6/patch_3trail_1.mat,df4b4bfcfbd9b4431af26c184afcc646cd83b27181927b16d38c931c4adcb9fa,
ramp_patch_03,2,Old/1 to 6/patch_3trail_2.mat,7db8e55da532dad3a69af6da9e214daef7c002a74752eea18e723b2aa7b8d703,
ramp_patch_03,3,Old/1 to 6/patch_3trail_3.mat,edc1d4f5f1957f1b2c5379e7905c8e9d9e791958e9179d924079b958defe64d9,
ramp_patch_04,1,Old/1 to 6/patch_4trail_1.mat,c00d853ea1aec54070b6f8495b133e3225e52dccb753548e3327bc0e0a4d761c,
ramp_patch_04,2,Old/1 to 6/patch_4trail_2.mat,c2500f12282a73058395d7285580e7c718c11e4db74500d28718cec0356ff4fd,
ramp_patch_04,3,Old/1 to 6/patch_4trail_3.mat,6f372de8760e9c8932fa89afed60f43ea4b4bb7a927edeeb2cc5da22aa109fee,
ramp_patch_05,1,Old/1 to 6/patch_5trail_1.mat,37368e816659337941e553eebfd06859dff9a54781f149ee2fb6ed8b1ffb70d5,
ramp_patch_05,2,Old/1 to 6/patch_5trail_2.mat,9f03447b3dc5bbab74c8ba59bdb636beda12965f9a19b0f3ebe08fa5eab9e5f9,
ramp_patch_05,3,Old/1 to 6/patch_5trail_3.mat,c2697f1c2e5d9d034ba037b1784e0984bd78b85d14f05272618a85f670ed355d,
ramp_patch_06,1,Old/1 to 6/patch_6trail_1.mat,b73ae6b9b47524b7bdeef9ef54ebefbf9638ffb4072080c3187670b7694c6ae6,
ramp_patch_06,2,Old/1 to 6/patch_6trail_2.mat,8639cd36c9005b8e410a58bb93733d748bff8fe97ca31dbc63dbbbc7da286a3a,
ramp_patch_06,3,Old/1 to 6/patch_6trail_3.mat,3b35254a1eebbb1ea5daf9dd122063c52d881b93970236f9256207e854b262c1,
ramp_patch_07,1,Old/7 to 9/patch_7trail_1.mat,9279cda2519d133bf7d9bdf40607ea5380657b555ae7acf2f245ac3e2bd30597,
ramp_patch_07,2,Old/7 to 9/patch_7trail_2.mat,3f8c06d59485df9cbbf7e64ad8ad2a2a057640d83384d332a80bc70275a9d5aa,
ramp_patch_08,1,Old/7 to 9/patch_8trail_1.mat,5615ace4e88c42345a3719b799f2d68d20e38f474b431a9394e840a342bb6586,
ramp_patch_08,2,Old/7 to 9/patch_8trail_2.mat,68497b9289aa9349042436600f8b9dbf0c461faac781209ee9d41a552d95a4a5,
ramp_patch_09,1,Old/7 to 9/patch_9trail_1.mat,c179273bb9b77afa50554f4950c4a013186f50a2bd7759bb10a15e4d87f243ec,
ramp_patch_09,2,Old/7 to 9/patch_9trail_2.mat,84738e9c0241276af890203c7c8d92264753938c498bf45f6127afd0f96ce2ee,
ramp_patch_10,1,Old/10 to 15/patch_10trail_1.mat,b63a0f04f0879805cd79769ce245c0ee1f7b1f54dd4ddd009c05adea5b0968bd,
ramp_patch_10,2,Old/10 to 15/patch_10trail_2.mat,c33f7259683740b5f41f0fed1d4841968b89aaf075ae930e26bf2bff32c574d8,
ramp_patch_10,3,Old/10 to 15/patch_10trail_3.mat,1762eab0afa0feb3329b3f278102eb73002de9bf3f8d4507cd2619df873d70bb,
ramp_patch_11,1,Old/10 to 15/patch_11trail_1.mat,aafcb716f46edda17dd6a54feef77797ba72e0ec88ab649c1145d66be1926595,
ramp_patch_11,2,Old/10 to 15/patch_11trail_2.mat,a19f99ff6de2729a5e27da012b2607450b3e000984a5ac86378af6aa42ea5c47,
ramp_patch_11,3,Old/10 to 15/patch_11trail_3.mat,5e88cc346ec671f881a79c8717856c0582e4ba26ad40480e2a47b3f20dab48c2,
ramp_patch_12,1,Old/10 to 15/patch_12trail_1.mat,2b1db6a6603224473ddd5113bc2d87305d65da0966886b54a898390cd9701bf1,
ramp_patch_12,2,Old/10 to 15/patch_12trail_2.mat,8ebdee3ede992d7e4e70a4c27d1a6e92e7f15efb55ce93e2b41fe7e70555baf8,
ramp_patch_12,3,Old/10 to 15/patch_12trail_3.mat,e97a534c1b4730a50c89700cdc85fd4380d67554fa99f38ec06cbcf4069a1768,
ramp_patch_13,1,Old/10 to 15/patch_13trail_1.mat,764652bcb06b20b94b729f09dce5b5530153e31dd20a6756f87f4dc573282ecb,
ramp_patch_13,2,Old/10 to 15/patch_13trail_2.mat,9e7deebe4c95c3d01014dcf2ded60acf0f9bcf3f70dcf07724077cd0b57adcf2,
ramp_patch_13,3,Old/10 to 15/patch_13trail_3.mat,0269ab181a044bdcea1a0213b35e584b364fd64bde4b4f220242539d94d2dd76,
ramp_patch_14,1,Old/10 to 15/patch_14trail_1.mat,5fbb96492b8877f154bfaad3723869bf1bcca0a52981acc52e741039fc5b3eb4,
ramp_patch_14,2,Old/10 to 15/patch_14trail_2.mat,ab0127568609fc616825bc4290379476b389ca3babd440eeaf826afd94102680,
ramp_patch_14,3,Old/10 to 15/patch_14trail_3.mat,1a545e1f4774044a79b285aebbb07b5f2a1a9332f5208a77e96718b56b755e28,
ramp_patch_15,1,Old/10 to 15/patch_15trail_1.mat,feabcb738a042115de9f235a115f1d831cf7b92b870e842cba1f02f79895c08c,
ramp_patch_15,2,Old/10 to 15/patch_15trail_2.mat,35426dfc7edc1d88c155172b8b6e2c333f1bf7204ea302818d11eae9759db3a6,
ramp_patch_15,3,Old/10 to 15/patch_15trail_3.mat,3b5986e2a4da024a1c2e67440647b8a22e8c45c616472e1d3500165b16d88209,
reference_prd,1,Old/prd/prd_1.mat,d8bda2ff5638a5a5c59dad01e84cabb152820e43da8a06644ff69ab064293517,
reference_prd,2,Old/prd/prd_2.mat,5404d3ab8c1d29725ff6c40a82c83389a753e3a874b57bac23f2eee7bfb6a711,
scene_01,1,PRD measurments/PRD_01.mat,0a5b2a41c076c146b5e078d13b196da7c907bff6b7e6332c09ca65e338868246,PRD measurments copy/PRD1scene1.mat
scene_01,2,PRD measurments/PRD_02.mat,992a8f21c6384226d607c008e5d204279fd28cacdf3d85fccfc8f0a33f29abfa,PRD measurments copy/PRD2scene1.mat
scene_02,1,PRD measurments/PRD_03.mat,e1c58b4ef0ace5bbd771a0aa4f8ad4d46b7140a9c1c94b8344ba0bce5ce90b68,PRD measurments copy/PRD1scene2.mat
scene_02,2,PRD measurments/PRD_04.mat,75c05bf5752ae71dcd0ead55b6a24c29f502e3dc06bbe51e4b51c3f25ec9ea9f,PRD measurments copy/PRD2scene2.mat
scene_03,1,PRD measurments/PRD_05.mat,c8a8b610a81da303f850db57c3007fd70e054d46dc55e07484791343308b7acd,PRD measurments copy/PRD1scene3.mat
scene_03,2,PRD measurments/PRD_06.mat,700f3cecb4ec559b57243aa9ffd296d0ebf636f87122eac2515ca1dd70955132,PRD measurments copy/PRD2scene3.mat
scene_04,1,PRD measurments/PRD_07.mat,508abe76a74c55fd67c6122c55588fc5aab78f7c119ac64650e0b48d6e901729,PRD measurments copy/PRD1scene4.mat
scene_04,2,PRD measurments/PRD_08.mat,48b211b8413b970b6211144e995e5de82dfdb74508e6d6710ea9581dfe875a10,PRD measurments copy/PRD2scene4.mat
scene_05,1,PRD measurments/PRD_09.mat,6a4551a0bda7506f33943a164030397f0f62b95138a5a2d3bb67482128a53f8d,PRD measurments copy/PRD1scene5.mat
scene_05,2,PRD measurments/PRD_10.mat,21f5aeecc2a448ec64a433c4cb2ece3725c2b84ee710e0bef96e3aea36e55ec5,PRD measurments copy/PRD2scene5.mat
scene_06,1,PRD measurments/PRD_11.mat,f38afbe91b1f244a74c87a137c06de914c2916e509a9c896a764851dc0221700,PRD measurments copy/PRD1scene6.mat
scene_06,2,PRD measurments/PRD_12.mat,0497bf3339bd1b9f4ba8eb7a6f7242d0f46881bbde13633d3f7843066fa7076b,PRD measurments copy/PRD2scene6.mat
scene_07,1,PRD measurments/PRD_13.mat,53b3e6a7e0c88e7b1df93c32c27c35251e7d749859eb6a0c9898b19b63b328a5,PRD measurments copy/PRD1scene7.mat
scene_07,2,PRD measurments/PRD_14.mat,ad7dcb73617b444b631b42ec5224a34e289bf15102cb30b231668667e6dfc26c,PRD measurments copy/PRD2scene7.mat
scene_08,1,PRD measurments/PRD_15.mat,d2bf4103a9b179ac94deb51b3fc870402a592b315bdd193b46be3156ceb3f681,PRD measurments copy/PRD1scene8.mat
scene_08,2,PRD measurments/PRD_16.mat,ebe61319e349fad7b1a07d1998c79a95fb395ab52fb7527d4e5b7bdf0fd00c23,PRD measurments copy/PRD2scene8.mat
scene_09,1,PRD measurments/PRD_17.mat,8c0d17034c71e4a04e569ad86b05379c2a739866e2c6cf9f080d44d9018cbbb0,PRD measurments copy/PRD1scene9.mat
scene_09,2,PRD measurments/PRD_18.mat,b4f4347ef66113a0ed0ad5e2b67392c65e1092880d9cfe010bfd157035100082,PRD measurments copy/PRD2scene9.mat
scene_10,1,PRD measurments/PRD_19.mat,e6a1386829895818e8caba259516bc946c500dce6df7e6dcab8e02a21e6c4594,PRD measurments copy/PRD1scene10.mat
scene_10,2,PRD measurments/PRD_20.mat,079fc77059a56c7c8211497546c77107b0683bb263bef3958ad469c6ae85e55a,PRD measurments copy/PRD2scene10.mat
scene_11,1,PRD measurments/PRD_21.mat,2679ae90df020a2f24d41c29daad6e6c7d7678f521fd258fde6e85c93d552289,PRD measurments copy/PRD1scene11.mat
scene_11,2,PRD measurments/PRD_22.mat,460de3f9d152348c7b711629033ae4d25b3c6c129557e17129974391de56a526,PRD measurments copy/PRD2scene11.mat
scene_12,1,PRD measurments/PRD_23.mat,9596cc38c1433825f016184aa529ac5de59e0af8bcc052def8d94f3028e63ec9,PRD measurments copy/PRD1scene12.mat
scene_12,2,PRD measurments/PRD_24.mat,f64a07a3050bf5956870bbbde545905da5892aef949a0d3f47e136c32d4a227b,PRD measurments copy/PRD2scene12.mat
scene_13,1,PRD measurments/PRD_25.mat,8fa10e6752cef76a219a3eb23bda5755c68cc0b167cbe0252d2defa44aae0c43,PRD measurments copy/PRD1scene13.mat
scene_13,2,PRD measurments/PRD_26.mat,8d95e643c1eb385f93cd01a15b96c829109e1a31b5777f43c1e861345adb390f,PRD measurments copy/PRD2scene13.mat
scene_14,1,PRD measurments/PRD_27.mat,d46fb44dc77942f6263540e00bac794ce62b29f377ebb29174f9f1c9efd7b553,PRD measurments copy/PRD1scene14.mat
scene_14,2,PRD measurments/PRD_28.mat,26b682d6fbd22acd116e27df09f62c1ac2e4660b504cf334e1b40a7c96f5a66c,PRD measurments copy/PRD2scene14.mat
scene_15,1,PRD measurments/PRD_29.mat,4dac1e3dd6036caec4f91c4d6bb4623348236d5516115ec27d4eeb48b7c608c8,PRD measurments copy/PRD1scene15.mat
scene_15,2,PRD measurments/PRD_30.mat,5420687064bcf35eb91213412fbfe0527f09221b19698af061cd3fe79cea6209,PRD measurments copy/PRD2scene15.mat
scene_16,1,PRD measurments/PRD_31.mat,ebfee99ef1a23e5ecee83f2969fdf3593234f30a978836d15b4a785a43539048,PRD measurments copy/PRD1scene16.mat
scene_16,2,PRD measurments/PRD_32.mat,3e4820537c25f2b09d0647a9c423a3b61b30689f00e556a4a30d2e456bf9d316,PRD measurments copy/PRD2scene16.mat
scene_17,1,PRD measurments/PRD_33.mat,084224e8328a3550edec36bb47da3cf355c70eadf5ea49c39bc69a1d24e7766d,PRD measurments copy/PRD1scene17.mat
scene_17,2,PRD measurments/PRD_34.mat,d143bb4d7073ef5a96da1e70e4dc3dbc5061d748fa54785a1215399a72ae019d,PRD measurments copy/PRD2scene17.mat
scene_18,1,PRD measurments/PRD_35.mat,bf148c84d6b1145b4fe261b6c2c2a5efac3b5ef03a86fe3bc82123f4aee0d142,PRD measurments copy/PRD1scene18.mat
scene_18,2,PRD measurments/PRD_36.mat,f10c815d19319514fa7a20394ceed013a80b1476b466051c3254dad94efd29c3,PRD measurments copy/PRD2scene18.mat
scene_19,1,PRD measurments/PRD_37.mat,028bb4215ff90687aef517544257df1b3954ed38c825b646c6619efd02146a5e,PRD measurments copy/PRD1scene19.mat
scene_19,2,PRD measurments/PRD_38.mat,0ae4aa52b6a84196c1b09a26327a7917e6129bd1480319934c34726d6436027e,PRD measurments copy/PRD2scene19.mat
scene_20,1,PRD measurments/PRD_39.mat,beb563b331ca647f0082900da6652d71756ed46396366dd9c53b84b56f477753,PRD measurments copy/PRD1scene20.mat
scene_20,2,PRD measurments/PRD_40.mat,c764e71148443c6836a7d4cc4cf173433903b2d4fd11534aa6ea803261022115,PRD measurments copy/PRD2scene20.mat
scene_21,1,PRD measurments/PRD_41.mat,f2b4f3ccd419ac66b464902ad9b7127423ac5f6a44f823fd4ffbdb49c0034382,PRD measurments copy/PRD1scene21.mat
scene_21,2,PRD measurments/PRD_42.mat,b3c936d9793582f73e003e778aa2dd180071ceab0ca88211a87e3bf8abb04622,PRD measurments copy/PRD2scene21.mat
scene_22,1,PRD measurments/PRD_43.mat,5abf7975ff7add6f6c559c1163527b2fe49fef781648f78b66d2967e2d9ea9b7,PRD measurments copy/PRD1scene22.mat
scene_23,1,PRD measurments/PRD_45.mat,9d2cbf2831168448782e57d4d24677fd99f01f7efbfa6c50aacf4adb5c84b6d9,PRD measurments copy/PRD1scene23.mat
scene_24,1,PRD measurments/PRD_47.mat,735796d99e8111d0b6758abfdb7b10930eba0475511234fdb717e812db83d46e,PRD measurments copy/PRD1scene24.mat
